{"evaluation_rewards": [698.6335613458494, 575.4882133012339, 734.6312156921384, 637.111760850573], "completed_tasks": 832, "conflicts": 558, "resolved_conflicts": 1130, "avg_wait_time": 102.78365384615384, "avg_reward": 661.4661877974487, "avg_completed_tasks": 208.0, "avg_conflict_rate": 139.5, "avg_resolved_conflict_rate": 282.5}