{"evaluation_rewards": [629.177987175494, 579.1094523067757, 734.6312156921384, 637.111760850573], "completed_tasks": 832, "conflicts": 558, "resolved_conflicts": 1117, "avg_wait_time": 100.80048076923077, "avg_reward": 645.0076040062453, "avg_completed_tasks": 208.0, "avg_conflict_rate": 139.5, "avg_resolved_conflict_rate": 279.25}